Workbook

Sheet SalesDowntownJan
A1: Transaction ID | B1: # of Items | C1: Unit Price | D1: Subtotal | E1: Tax Amt | F1: Sales Total
A2: 1907 | B2: 16 | C2: 51 | D2: =B2*C2 -> 816 | E2: =D2*H3 -> 65.28 | F2: =D2+E2 -> 881.28 | H2: Tax Rate
A3: 8295 | B3: 1 | C3: 17 | D3: =B3*C3 -> 17 | E3: =D3*H3 -> 1.36 | F3: =D3+E3 -> 18.36 | H3: 0.08
A4: 4388 | B4: 5 | C4: 89 | D4: =B4*C4 -> 445 | E4: =D4*H3 -> 35.6 | F4: =D4+E4 -> 480.6
A5: 2356 | B5: 16 | C5: 3 | D5: =B5*C5 -> 48 | E5: =D5*H3 -> 3.84 | F5: =D5+E5 -> 51.84 | H5: Total Sales Downtown
A6: 1565 | B6: 13 | C6: 26 | D6: =B6*C6 -> 338 | E6: =D6*H3 -> 27.04 | F6: =D6+E6 -> 365.04 | H6: =SUM(F2:F16) -> 8150.76
A7: 1532 | B7: 5 | C7: 95 | D7: =B7*C7 -> 475 | E7: =D7*H3 -> 38 | F7: =D7+E7 -> 513
A8: 2748 | B8: 15 | C8: 16 | D8: =B8*C8 -> 240 | E8: =D8*H3 -> 19.2 | F8: =D8+E8 -> 259.2
A9: 9329 | B9: 20 | C9: 84 | D9: =B9*C9 -> 1680 | E9: =D9*H3 -> 134.4 | F9: =D9+E9 -> 1814.4
A10: 9975 | B10: 7 | C10: 68 | D10: =B10*C10 -> 476 | E10: =D10*H3 -> 38.08 | F10: =D10+E10 -> 514.08
A11: 5106 | B11: 8 | C11: 4 | D11: =B11*C11 -> 32 | E11: =D11*H3 -> 2.56 | F11: =D11+E11 -> 34.56
A12: 5265 | B12: 2 | C12: 80 | D12: =B12*C12 -> 160 | E12: =D12*H3 -> 12.8 | F12: =D12+E12 -> 172.8
A13: 6829 | B13: 19 | C13: 38 | D13: =B13*C13 -> 722 | E13: =D13*H3 -> 57.76 | F13: =D13+E13 -> 779.76
A14: 7853 | B14: 16 | C14: 79 | D14: =B14*C14 -> 1264 | E14: =D14*H3 -> 101.12 | F14: =D14+E14 -> 1365.12
A15: 6476 | B15: 20 | C15: 21 | D15: =B15*C15 -> 420 | E15: =D15*H3 -> 33.6 | F15: =D15+E15 -> 453.6
A16: 5698 | B16: 9 | C16: 46 | D16: =B16*C16 -> 414 | E16: =D16*H3 -> 33.12 | F16: =D16+E16 -> 447.12

Sheet SalesUptownJan
A1: Transaction ID | B1: # of Items | C1: Unit Price | D1: Subtotal | E1: Tax Amt | F1: Sales Total | G1: Tax Rate | H1: Total Sales Uptown
A2: 2618 | B2: 6 | C2: 88 | D2: =B2*C2 -> 528 | E2: =D2*G2 -> 42.24 | F2: =D2+E2 -> 570.24 | G2: 0.08 | H2: =SUM(F2:F15) -> 7797.6
A3: 8179 | B3: 3 | C3: 72 | D3: =B3*C3 -> 216 | E3: =D3*G3 -> 17.28 | F3: =D3+E3 -> 233.28 | G3: 0.08
A4: 7179 | B4: 6 | C4: 64 | D4: =B4*C4 -> 384 | E4: =D4*G4 -> 30.72 | F4: =D4+E4 -> 414.72 | G4: 0.08
A5: 3963 | B5: 3 | C5: 25 | D5: =B5*C5 -> 75 | E5: =D5*G5 -> 6 | F5: =D5+E5 -> 81 | G5: 0.08
A6: 7834 | B6: 7 | C6: 60 | D6: =B6*C6 -> 420 | E6: =D6*G6 -> 33.6 | F6: =D6+E6 -> 453.6 | G6: 0.08
A7: 7902 | B7: 14 | C7: 94 | D7: =B7*C7 -> 1316 | E7: =D7*G7 -> 105.28 | F7: =D7+E7 -> 1421.28 | G7: 0.08
A8: 1857 | B8: 7 | C8: 13 | D8: =B8*C8 -> 91 | E8: =D8*G8 -> 7.28 | F8: =D8+E8 -> 98.28 | G8: 0.08
A9: 6026 | B9: 7 | C9: 74 | D9: =B9*C9 -> 518 | E9: =D9*G9 -> 41.44 | F9: =D9+E9 -> 559.44 | G9: 0.08
A10: 2126 | B10: 11 | C10: 24 | D10: =B10*C10 -> 264 | E10: =D10*G10 -> 21.12 | F10: =D10+E10 -> 285.12 | G10: 0.08
A11: 3933 | B11: 13 | C11: 54 | D11: =B11*C11 -> 702 | E11: =D11*G11 -> 56.16 | F11: =D11+E11 -> 758.16 | G11: 0.08
A12: 7649 | B12: 19 | C12: 56 | D12: =B12*C12 -> 1064 | E12: =D12*G12 -> 85.12 | F12: =D12+E12 -> 1149.12 | G12: 0.08
A13: 4044 | B13: 6 | C13: 55 | D13: =B13*C13 -> 330 | E13: =D13*G13 -> 26.4 | F13: =D13+E13 -> 356.4 | G13: 0.08
A14: 3928 | B14: 14 | C14: 48 | D14: =B14*C14 -> 672 | E14: =D14*G14 -> 53.76 | F14: =D14+E14 -> 725.76 | G14: 0.08
A15: 9021 | B15: 10 | C15: 64 | D15: =B15*C15 -> 640 | E15: =D15*G15 -> 51.2 | F15: =D15+E15 -> 691.2 | G15: 0.08

Sheet SalesSummaryJan
A1: January Sales Summary
B2: Total Sales $ Amount | C2: # of Items Sold | D2: # of Transactions | E2: Average Sales Total
A3: Downtown | B3: =SalesDowntownJan!H6 -> 8150.76 | C3: =COUNTA(SalesDowntownJan!B2:'SalesDowntownJan'!B16) -> 15 | D3: =COUNTA(SalesDowntownJan!A2:'SalesDowntownJan'!A16) -> 15 | E3: =AVERAGE(SalesDowntownJan!F5:'SalesDowntownJan'!F16) -> 564.21
A4: Uptown | B4: =SalesUptownJan!H2 -> 7797.6 | C4: =COUNT(SalesUptownJan!B2:'SalesUptownJan'!B15) -> 14 | D4: =COUNTA(SalesUptownJan!A2:'SalesUptownJan'!A15) -> 14 | E4: =AVERAGE(SalesUptownJan!F2:'SalesUptownJan'!F15) -> 556.97143
A5: TOTAL | B5: =B3+B4 -> 15948.36 | C5: =C3+C4 -> 29 | D5: =D3+D4 -> 29 | E5: =E3+E4 -> 1121.1814
