Workbook

Sheet Inventory
A1: Product Name | B1: Brand | C1: Type | D1: Material (Frame) | E1: Manufacturing Price | F1: Sales Price
A2: Ripmo AF | B2: Ibis | C2: Road | D2: Steel | E2: 2239.3 | F2: 3199
A3: Allez Elite | B3: Specialized | C3: Road | D3: Steel | E3: 945 | F3: 1350
A4: Rockhopper Expert | B4: Specialized | C4: Mountain | D4: Titanium | E4: 980 | F4: 1400
A5: Warrior | B5: Specialized | C5: Hybrid | D5: Carbon Fiber | E5: 1049.3 | F5: 1499
A6: Quick 4 | B6: Cannondale | C6: Hybrid | D6: Carbon Fiber | E6: 490 | F6: 700
A7: Pista Steel | B7: Bianchi | C7: Road | D7: Steel | E7: 560 | F7: 800
A8: 520 Road | B8: Trek | C8: Road | D8: Carbon Fiber | E8: 1176 | F8: 1680
A9: 680 Climber | B9: Trek | C9: Mountain | D9: Carbon Fiber | E9: 1228.5 | F9: 1755
A10: Ocean Cruiser | B10: Kona | C10: Road | D10: Steel | E10: 524.3 | F10: 749
A11: Fire Mountain | B11: Kona | C11: Mountain | D11: Titanium | E11: 629.3 | F11: 899
A12: Echo | B12: Allied Cycle Works | C12: Hybrid | D12: Carbon Fiber | E12: 455 | F12: 650
A13: A-Type | B13: Detroit Bikes | C13: Hybrid | D13: Titanium | E13: 1119.3 | F13: 1599
A14: Routt RSL | B14: Moots | C14: Road | D14: Steel | E14: 315 | F14: 450

Sheet JanSales
A1: Sales Date | B1: Item | C1: Type | D1: Sales Price | E1: Sales Tax | F1: Subtotal | G1: Total w/ Shipping
A2: 45292 | B2: A-Type | C2: =_xlfn.XLOOKUP(B2,Inventory!A:A,Inventory!C:C,"") -> Hybrid | D2: =_xlfn.XLOOKUP(B2,Inventory!A:A,Inventory!F:F,"") -> 1599 | E2: =D2*$I$4 -> 127.92 | F2: =D2+E2 -> 1726.92 | G2: =F2+$I$7 -> 1801.92
A3: 45294 | B3: Quick 4 | C3: =_xlfn.XLOOKUP(B3,Inventory!A:A,Inventory!C:C,"") -> Hybrid | D3: =_xlfn.XLOOKUP(B3,Inventory!A:A,Inventory!F:F,"") -> 700 | E3: =D3*$I$4 -> 56 | F3: =D3+E3 -> 756 | G3: =F3+$I$7 -> 831 | I3: Sales Tax
A4: 45294 | B4: Pista Steel | C4: =_xlfn.XLOOKUP(B4,Inventory!A:A,Inventory!C:C,"") -> Road | D4: =_xlfn.XLOOKUP(B4,Inventory!A:A,Inventory!F:F,"") -> 800 | E4: =D4*$I$4 -> 64 | F4: =D4+E4 -> 864 | G4: =F4+$I$7 -> 939 | I4: 0.08
A5: 45294 | B5: Ocean Cruiser | C5: =_xlfn.XLOOKUP(B5,Inventory!A:A,Inventory!C:C,"") -> Road | D5: =_xlfn.XLOOKUP(B5,Inventory!A:A,Inventory!F:F,"") -> 749 | E5: =D5*$I$4 -> 59.92 | F5: =D5+E5 -> 808.92 | G5: =F5+$I$7 -> 883.92
A6: 45298 | B6: 520 Road | C6: =_xlfn.XLOOKUP(B6,Inventory!A:A,Inventory!C:C,"") -> Road | D6: =_xlfn.XLOOKUP(B6,Inventory!A:A,Inventory!F:F,"") -> 1680 | E6: =D6*$I$4 -> 134.4 | F6: =D6+E6 -> 1814.4 | G6: =F6+$I$7 -> 1889.4 | I6: Flat Rate Shipping
A7: 45300 | B7: Routt RSL | C7: =_xlfn.XLOOKUP(B7,Inventory!A:A,Inventory!C:C,"") -> Road | D7: =_xlfn.XLOOKUP(B7,Inventory!A:A,Inventory!F:F,"") -> 450 | E7: =D7*$I$4 -> 36 | F7: =D7+E7 -> 486 | G7: =F7+$I$7 -> 561 | I7: 75
A8: 45301 | B8: Quick 4 | C8: =_xlfn.XLOOKUP(B8,Inventory!A:A,Inventory!C:C,"") -> Hybrid | D8: =_xlfn.XLOOKUP(B8,Inventory!A:A,Inventory!F:F,"") -> 700 | E8: =D8*$I$4 -> 56 | F8: =D8+E8 -> 756 | G8: =F8+$I$7 -> 831
A9: 45304 | B9: 520 Road | C9: =_xlfn.XLOOKUP(B9,Inventory!A:A,Inventory!C:C,"") -> Road | D9: =_xlfn.XLOOKUP(B9,Inventory!A:A,Inventory!F:F,"") -> 1680 | E9: =D9*$I$4 -> 134.4 | F9: =D9+E9 -> 1814.4 | G9: =F9+$I$7 -> 1889.4
A10: 45305 | B10: Ripmo AF | C10: =_xlfn.XLOOKUP(B10,Inventory!A:A,Inventory!C:C,"") -> Road | D10: =_xlfn.XLOOKUP(B10,Inventory!A:A,Inventory!F:F,"") -> 3199 | E10: =D10*$I$4 -> 255.92 | F10: =D10+E10 -> 3454.92 | G10: =F10+$I$7 -> 3529.92
A11: 45306 | B11: A-Type | C11: =_xlfn.XLOOKUP(B11,Inventory!A:A,Inventory!C:C,"") -> Hybrid | D11: =_xlfn.XLOOKUP(B11,Inventory!A:A,Inventory!F:F,"") -> 1599 | E11: =D11*$I$4 -> 127.92 | F11: =D11+E11 -> 1726.92 | G11: =F11+$I$7 -> 1801.92
A12: 45306 | B12: 680 Climber | C12: =_xlfn.XLOOKUP(B12,Inventory!A:A,Inventory!C:C,"") -> Mountain | D12: =_xlfn.XLOOKUP(B12,Inventory!A:A,Inventory!F:F,"") -> 1755 | E12: =D12*$I$4 -> 140.4 | F12: =D12+E12 -> 1895.4 | G12: =F12+$I$7 -> 1970.4
A13: 45306 | B13: Ocean Cruiser | C13: =_xlfn.XLOOKUP(B13,Inventory!A:A,Inventory!C:C,"") -> Road | D13: =_xlfn.XLOOKUP(B13,Inventory!A:A,Inventory!F:F,"") -> 749 | E13: =D13*$I$4 -> 59.92 | F13: =D13+E13 -> 808.92 | G13: =F13+$I$7 -> 883.92
A14: 45312 | B14: Warrior | C14: =_xlfn.XLOOKUP(B14,Inventory!A:A,Inventory!C:C,"") -> Hybrid | D14: =_xlfn.XLOOKUP(B14,Inventory!A:A,Inventory!F:F,"") -> 1499 | E14: =D14*$I$4 -> 119.92 | F14: =D14+E14 -> 1618.92 | G14: =F14+$I$7 -> 1693.92
A15: 45313 | B15: A-Type | C15: =_xlfn.XLOOKUP(B15,Inventory!A:A,Inventory!C:C,"") -> Hybrid | D15: =_xlfn.XLOOKUP(B15,Inventory!A:A,Inventory!F:F,"") -> 1599 | E15: =D15*$I$4 -> 127.92 | F15: =D15+E15 -> 1726.92 | G15: =F15+$I$7 -> 1801.92
A16: 45313 | B16: 680 Climber | C16: =_xlfn.XLOOKUP(B16,Inventory!A:A,Inventory!C:C,"") -> Mountain | D16: =_xlfn.XLOOKUP(B16,Inventory!A:A,Inventory!F:F,"") -> 1755 | E16: =D16*$I$4 -> 140.4 | F16: =D16+E16 -> 1895.4 | G16: =F16+$I$7 -> 1970.4
A17: 45318 | B17: Ripmo AF | C17: =_xlfn.XLOOKUP(B17,Inventory!A:A,Inventory!C:C,"") -> Road | D17: =_xlfn.XLOOKUP(B17,Inventory!A:A,Inventory!F:F,"") -> 3199 | E17: =D17*$I$4 -> 255.92 | F17: =D17+E17 -> 3454.92 | G17: =F17+$I$7 -> 3529.92
A18: 45319 | B18: 680 Climber | C18: =_xlfn.XLOOKUP(B18,Inventory!A:A,Inventory!C:C,"") -> Mountain | D18: =_xlfn.XLOOKUP(B18,Inventory!A:A,Inventory!F:F,"") -> 1755 | E18: =D18*$I$4 -> 140.4 | F18: =D18+E18 -> 1895.4 | G18: =F18+$I$7 -> 1970.4
A19: 45320 | B19: Echo | C19: =_xlfn.XLOOKUP(B19,Inventory!A:A,Inventory!C:C,"") -> Hybrid | D19: =_xlfn.XLOOKUP(B19,Inventory!A:A,Inventory!F:F,"") -> 650 | E19: =D19*$I$4 -> 52 | F19: =D19+E19 -> 702 | G19: =F19+$I$7 -> 777

Sheet FebSales
A1: Sales Date | B1: Item | C1: Type | D1: Sales Price | E1: Sales Tax | F1: Subtotal | G1: Total w/ Shipping
A2: 45324 | B2: 680 Climber | C2: =_xlfn.XLOOKUP(B2,Inventory!A:A,Inventory!C:C,"") -> Mountain | D2: =_xlfn.XLOOKUP(B2,Inventory!A:A,Inventory!F:F,"") -> 1755 | E2: =D2*$I$4 -> 140.4 | F2: =D2+E2 -> 1895.4 | G2: =F2+$I$7 -> 1970.4
A3: 45324 | B3: Ocean Cruiser | C3: =_xlfn.XLOOKUP(B3,Inventory!A:A,Inventory!C:C,"") -> Road | D3: =_xlfn.XLOOKUP(B3,Inventory!A:A,Inventory!F:F,"") -> 749 | E3: =D3*$I$4 -> 59.92 | F3: =D3+E3 -> 808.92 | G3: =F3+$I$7 -> 883.92 | I3: Sales Tax
A4: 45324 | B4: Routt RSL | C4: =_xlfn.XLOOKUP(B4,Inventory!A:A,Inventory!C:C,"") -> Road | D4: =_xlfn.XLOOKUP(B4,Inventory!A:A,Inventory!F:F,"") -> 450 | E4: =D4*$I$4 -> 36 | F4: =D4+E4 -> 486 | G4: =F4+$I$7 -> 561 | I4: 0.08
A5: 45324 | B5: Warrior | C5: =_xlfn.XLOOKUP(B5,Inventory!A:A,Inventory!C:C,"") -> Hybrid | D5: =_xlfn.XLOOKUP(B5,Inventory!A:A,Inventory!F:F,"") -> 1499 | E5: =D5*$I$4 -> 119.92 | F5: =D5+E5 -> 1618.92 | G5: =F5+$I$7 -> 1693.92
A6: 45325 | B6: Ripmo AF | C6: =_xlfn.XLOOKUP(B6,Inventory!A:A,Inventory!C:C,"") -> Road | D6: =_xlfn.XLOOKUP(B6,Inventory!A:A,Inventory!F:F,"") -> 3199 | E6: =D6*$I$4 -> 255.92 | F6: =D6+E6 -> 3454.92 | G6: =F6+$I$7 -> 3529.92 | I6: Flat Rate Shipping
A7: 45328 | B7: Allez Elite | C7: =_xlfn.XLOOKUP(B7,Inventory!A:A,Inventory!C:C,"") -> Road | D7: =_xlfn.XLOOKUP(B7,Inventory!A:A,Inventory!F:F,"") -> 1350 | E7: =D7*$I$4 -> 108 | F7: =D7+E7 -> 1458 | G7: =F7+$I$7 -> 1533 | I7: 75
A8: 45329 | B8: Rockhopper Expert | C8: =_xlfn.XLOOKUP(B8,Inventory!A:A,Inventory!C:C,"") -> Mountain | D8: =_xlfn.XLOOKUP(B8,Inventory!A:A,Inventory!F:F,"") -> 1400 | E8: =D8*$I$4 -> 112 | F8: =D8+E8 -> 1512 | G8: =F8+$I$7 -> 1587
A9: 45334 | B9: A-Type | C9: =_xlfn.XLOOKUP(B9,Inventory!A:A,Inventory!C:C,"") -> Hybrid | D9: =_xlfn.XLOOKUP(B9,Inventory!A:A,Inventory!F:F,"") -> 1599 | E9: =D9*$I$4 -> 127.92 | F9: =D9+E9 -> 1726.92 | G9: =F9+$I$7 -> 1801.92
A10: 45335 | B10: Pista Steel | C10: =_xlfn.XLOOKUP(B10,Inventory!A:A,Inventory!C:C,"") -> Road | D10: =_xlfn.XLOOKUP(B10,Inventory!A:A,Inventory!F:F,"") -> 800 | E10: =D10*$I$4 -> 64 | F10: =D10+E10 -> 864 | G10: =F10+$I$7 -> 939
A11: 45336 | B11: 520 Road | C11: =_xlfn.XLOOKUP(B11,Inventory!A:A,Inventory!C:C,"") -> Road | D11: =_xlfn.XLOOKUP(B11,Inventory!A:A,Inventory!F:F,"") -> 1680 | E11: =D11*$I$4 -> 134.4 | F11: =D11+E11 -> 1814.4 | G11: =F11+$I$7 -> 1889.4
A12: 45337 | B12: Fire Mountain | C12: =_xlfn.XLOOKUP(B12,Inventory!A:A,Inventory!C:C,"") -> Mountain | D12: =_xlfn.XLOOKUP(B12,Inventory!A:A,Inventory!F:F,"") -> 899 | E12: =D12*$I$4 -> 71.92 | F12: =D12+E12 -> 970.92 | G12: =F12+$I$7 -> 1045.92
A13: 45337 | B13: Warrior | C13: =_xlfn.XLOOKUP(B13,Inventory!A:A,Inventory!C:C,"") -> Hybrid | D13: =_xlfn.XLOOKUP(B13,Inventory!A:A,Inventory!F:F,"") -> 1499 | E13: =D13*$I$4 -> 119.92 | F13: =D13+E13 -> 1618.92 | G13: =F13+$I$7 -> 1693.92
A14: 45337 | B14: Allez Elite | C14: =_xlfn.XLOOKUP(B14,Inventory!A:A,Inventory!C:C,"") -> Road | D14: =_xlfn.XLOOKUP(B14,Inventory!A:A,Inventory!F:F,"") -> 1350 | E14: =D14*$I$4 -> 108 | F14: =D14+E14 -> 1458 | G14: =F14+$I$7 -> 1533
A15: 45340 | B15: Routt RSL | C15: =_xlfn.XLOOKUP(B15,Inventory!A:A,Inventory!C:C,"") -> Road | D15: =_xlfn.XLOOKUP(B15,Inventory!A:A,Inventory!F:F,"") -> 450 | E15: =D15*$I$4 -> 36 | F15: =D15+E15 -> 486 | G15: =F15+$I$7 -> 561
A16: 45341 | B16: Ocean Cruiser | C16: =_xlfn.XLOOKUP(B16,Inventory!A:A,Inventory!C:C,"") -> Road | D16: =_xlfn.XLOOKUP(B16,Inventory!A:A,Inventory!F:F,"") -> 749 | E16: =D16*$I$4 -> 59.92 | F16: =D16+E16 -> 808.92 | G16: =F16+$I$7 -> 883.92
A17: 45345 | B17: 680 Climber | C17: =_xlfn.XLOOKUP(B17,Inventory!A:A,Inventory!C:C,"") -> Mountain | D17: =_xlfn.XLOOKUP(B17,Inventory!A:A,Inventory!F:F,"") -> 1755 | E17: =D17*$I$4 -> 140.4 | F17: =D17+E17 -> 1895.4 | G17: =F17+$I$7 -> 1970.4
A18: 45346 | B18: Ripmo AF | C18: =_xlfn.XLOOKUP(B18,Inventory!A:A,Inventory!C:C,"") -> Road | D18: =_xlfn.XLOOKUP(B18,Inventory!A:A,Inventory!F:F,"") -> 3199 | E18: =D18*$I$4 -> 255.92 | F18: =D18+E18 -> 3454.92 | G18: =F18+$I$7 -> 3529.92
A19: 45346 | B19: Fire Mountain | C19: =_xlfn.XLOOKUP(B19,Inventory!A:A,Inventory!C:C,"") -> Mountain | D19: =_xlfn.XLOOKUP(B19,Inventory!A:A,Inventory!F:F,"") -> 899 | E19: =D19*$I$4 -> 71.92 | F19: =D19+E19 -> 970.92 | G19: =F19+$I$7 -> 1045.92

Sheet MarSales
A1: Sales Date | B1: Item | C1: Type | D1: Sales Price | E1: Sales Tax | F1: Subtotal | G1: Total w/ Shipping
A2: 45355 | B2: Pista Steel | C2: =_xlfn.XLOOKUP(B2,Inventory!A:A,Inventory!C:C,"") -> Road | D2: =_xlfn.XLOOKUP(B2,Inventory!A:A,Inventory!F:F,"") -> 800 | E2: =D2*$I$4 -> 64 | F2: =D2+E2 -> 864 | G2: =F2+$I$7 -> 939
A3: 45356 | B3: Allez Elite | C3: =_xlfn.XLOOKUP(B3,Inventory!A:A,Inventory!C:C,"") -> Road | D3: =_xlfn.XLOOKUP(B3,Inventory!A:A,Inventory!F:F,"") -> 1350 | E3: =D3*$I$4 -> 108 | F3: =D3+E3 -> 1458 | G3: =F3+$I$7 -> 1533 | I3: Sales Tax
A4: 45356 | B4: Echo | C4: =_xlfn.XLOOKUP(B4,Inventory!A:A,Inventory!C:C,"") -> Hybrid | D4: =_xlfn.XLOOKUP(B4,Inventory!A:A,Inventory!F:F,"") -> 650 | E4: =D4*$I$4 -> 52 | F4: =D4+E4 -> 702 | G4: =F4+$I$7 -> 777 | I4: 0.08
A5: 45356 | B5: Fire Mountain | C5: =_xlfn.XLOOKUP(B5,Inventory!A:A,Inventory!C:C,"") -> Mountain | D5: =_xlfn.XLOOKUP(B5,Inventory!A:A,Inventory!F:F,"") -> 899 | E5: =D5*$I$4 -> 71.92 | F5: =D5+E5 -> 970.92 | G5: =F5+$I$7 -> 1045.92
A6: 45356 | B6: Allez Elite | C6: =_xlfn.XLOOKUP(B6,Inventory!A:A,Inventory!C:C,"") -> Road | D6: =_xlfn.XLOOKUP(B6,Inventory!A:A,Inventory!F:F,"") -> 1350 | E6: =D6*$I$4 -> 108 | F6: =D6+E6 -> 1458 | G6: =F6+$I$7 -> 1533 | I6: Flat Rate Shipping
A7: 45360 | B7: Pista Steel | C7: =_xlfn.XLOOKUP(B7,Inventory!A:A,Inventory!C:C,"") -> Road | D7: =_xlfn.XLOOKUP(B7,Inventory!A:A,Inventory!F:F,"") -> 800 | E7: =D7*$I$4 -> 64 | F7: =D7+E7 -> 864 | G7: =F7+$I$7 -> 939 | I7: 75
A8: 45364 | B8: 680 Climber | C8: =_xlfn.XLOOKUP(B8,Inventory!A:A,Inventory!C:C,"") -> Mountain | D8: =_xlfn.XLOOKUP(B8,Inventory!A:A,Inventory!F:F,"") -> 1755 | E8: =D8*$I$4 -> 140.4 | F8: =D8+E8 -> 1895.4 | G8: =F8+$I$7 -> 1970.4
A9: 45365 | B9: Warrior | C9: =_xlfn.XLOOKUP(B9,Inventory!A:A,Inventory!C:C,"") -> Hybrid | D9: =_xlfn.XLOOKUP(B9,Inventory!A:A,Inventory!F:F,"") -> 1499 | E9: =D9*$I$4 -> 119.92 | F9: =D9+E9 -> 1618.92 | G9: =F9+$I$7 -> 1693.92
A10: 45366 | B10: Ocean Cruiser | C10: =_xlfn.XLOOKUP(B10,Inventory!A:A,Inventory!C:C,"") -> Road | D10: =_xlfn.XLOOKUP(B10,Inventory!A:A,Inventory!F:F,"") -> 749 | E10: =D10*$I$4 -> 59.92 | F10: =D10+E10 -> 808.92 | G10: =F10+$I$7 -> 883.92
A11: 45368 | B11: Ripmo AF | C11: =_xlfn.XLOOKUP(B11,Inventory!A:A,Inventory!C:C,"") -> Road | D11: =_xlfn.XLOOKUP(B11,Inventory!A:A,Inventory!F:F,"") -> 3199 | E11: =D11*$I$4 -> 255.92 | F11: =D11+E11 -> 3454.92 | G11: =F11+$I$7 -> 3529.92
A12: 45372 | B12: 680 Climber | C12: =_xlfn.XLOOKUP(B12,Inventory!A:A,Inventory!C:C,"") -> Mountain | D12: =_xlfn.XLOOKUP(B12,Inventory!A:A,Inventory!F:F,"") -> 1755 | E12: =D12*$I$4 -> 140.4 | F12: =D12+E12 -> 1895.4 | G12: =F12+$I$7 -> 1970.4
A13: 45373 | B13: Ocean Cruiser | C13: =_xlfn.XLOOKUP(B13,Inventory!A:A,Inventory!C:C,"") -> Road | D13: =_xlfn.XLOOKUP(B13,Inventory!A:A,Inventory!F:F,"") -> 749 | E13: =D13*$I$4 -> 59.92 | F13: =D13+E13 -> 808.92 | G13: =F13+$I$7 -> 883.92
A14: 45374 | B14: Rockhopper Expert | C14: =_xlfn.XLOOKUP(B14,Inventory!A:A,Inventory!C:C,"") -> Mountain | D14: =_xlfn.XLOOKUP(B14,Inventory!A:A,Inventory!F:F,"") -> 1400 | E14: =D14*$I$4 -> 112 | F14: =D14+E14 -> 1512 | G14: =F14+$I$7 -> 1587
A15: 45374 | B15: Echo | C15: =_xlfn.XLOOKUP(B15,Inventory!A:A,Inventory!C:C,"") -> Hybrid | D15: =_xlfn.XLOOKUP(B15,Inventory!A:A,Inventory!F:F,"") -> 650 | E15: =D15*$I$4 -> 52 | F15: =D15+E15 -> 702 | G15: =F15+$I$7 -> 777
A16: 45379 | B16: Quick 4 | C16: =_xlfn.XLOOKUP(B16,Inventory!A:A,Inventory!C:C,"") -> Hybrid | D16: =_xlfn.XLOOKUP(B16,Inventory!A:A,Inventory!F:F,"") -> 700 | E16: =D16*$I$4 -> 56 | F16: =D16+E16 -> 756 | G16: =F16+$I$7 -> 831
A17: 45380 | B17: A-Type | C17: =_xlfn.XLOOKUP(B17,Inventory!A:A,Inventory!C:C,"") -> Hybrid | D17: =_xlfn.XLOOKUP(B17,Inventory!A:A,Inventory!F:F,"") -> 1599 | E17: =D17*$I$4 -> 127.92 | F17: =D17+E17 -> 1726.92 | G17: =F17+$I$7 -> 1801.92

Sheet Q1 Sales Summary
A1: Monthly Sales
A2: January Sales Total | B2: =SUM(JanSales!G2:G19) -> 29556.36
A3: February Sales Total | B3: =SUM(FebSales!G2:G19) -> 28653.48
A4: March Sales Total | B4: =SUM(MarSales!G2:G17) -> 22696.32
A7: Sales by Type
B8: Road | C8: Mountain | D8: Hybrid
A9: January | B9: =SUMIF(JanSales!C:C,"Road",JanSales!G:G) -> 14106.48 | C9: =SUMIF(JanSales!C:C,"Mountain", JanSales!G:G) -> 5911.2 | D9: =SUMIF(JanSales!C:C,"Hybrid",JanSales!G:G) -> 9538.68
A10: February | B10: =SUMIF(FebSales!C:C,"Road",FebSales!G:G) -> 15844.08 | C10: =SUMIF(FebSales!C:C,"Mountain",FebSales!G:G) -> 7619.64 | D10: =SUMIF(FebSales!C:C,"Hybrid",FebSales!G:G) -> 5189.76
A11: March | B11: =SUMIF(MarSales!C:C,"Road",MarSales!G:G) -> 10241.76 | C11: =SUMIF(MarSales!C:C,"Mountain",MarSales!G:G) -> 6573.72 | D11: =SUMIF(MarSales!C:C,"Hybrid", MarSales!G:G) -> 5880.84

Sheet QuickSearch
B3: Search by Type and Month
B4: Month: | C4: March
B5: Type: | C5: Road
B6: Total Sales: | C6: =INDEX('Q1 Sales Summary'!B9:B11,MATCH(C4,'Q1 Sales Summary'!A9:A11,0),MATCH(C5,'Q1 Sales Summary'!B8:D8,0)) -> 10241.76
